Id,Class
24e7e2dcb6102224d489081a32b1aee6c1ea035295d58fbce7f85c7f22c543fe,1
b6a56587ff63ad2c27323d56510915125be1f171324029353303659eb438d0ed,2
858818cd739a439ac6795ff2a7c620d4d3f1e5c006913daf89026d3c2732c253,2
f1fa62f10f929a257c01bd7a76b5a4ca3279799ecfe92306ad101752bd1fdf18,1
3ffbccaf9efde195e47803fbeefbeea8daa46b8befe87b7781434c50b79d613b,2
4bdbc1b83fe73b80fb593ad34a23da59b1fb78367a66480d6311af01e5c46818,2
332f53344cec91ce2c8ed1e2e792e953002fa25ecb8fcd952f512ab0bc367dea,2
774ccd1281b02bc9f0c7e7185c424a42cd98bcc758c893e8a96dfb206a02fcbe,6
b23183f345d29270a5673d5139fe1fe42a34488e70291746eaeb567a4468d2e4,6
2c86b264dd3f730d3b236df6a0a48214a4f52e2ca1d90108f0e3fafaac95fc31,3
c5bdd74d4e6509928e5c271dd7c19840584592964358b110738bbd333426cf7b,2
bea5a4358184555924ab6c831bf34edf279f4b93d750d5321263439dcf9c245a,6
06d20fb5894c291fca07021800e7e529371372abff6db310c0cbc100cf9ad9f9,2
0a9eab89753e07a01b1c5e0197acefea9cc05e5f7829823f811e7aa1d7b817b7,5
82be397e385957c7e103bd97f037b1dd8248e12d7966c4c0c3df5085826e2999,2
7440a7b56d3670d4204a57974fa76ae76ca78168bb181640f565976d192cc159,2
f622f6036ed71b50b6db63cf1b7ead07e7a6b2875e89985c7762f5de9aa7e2e9,6
3115da1c274f378293e579087aa2789d86c4de13f1db9f7a5b5468c55f101c79,2
c78f8b5b6bc08d2c2303c1639a7a72e7910ccd0a969bf4ea401dca72a8c2257d,2
16e84a5ca2da2b68f5e15f2d4f5f4d1c815cb0f1d50184746a2394b70e1c612f,1
e384df976f21e80cda75ebfd070f3ddf564b21d313c198bec6b3d8c1c84c36d5,1
6e7f0db044b44c565c1bd726963f6c634f37b648a144de864161659d4274e5d5,2
4a589b62115bd62e62995e68e7f92da4011203ce52ab0f31092985a8136637bc,6
87df66fc4ca5703a631f8d8528965437e348d87c137af08cda544108199ccaa7,1
5a671c0b03c114c95b385680527dcba38380576bc58f6d3ae292faba0ac662e1,2
c69c17f4c6b2206437e7954c02424b80605d40e98c0adcad6839e170c94b1c82,5
918504ede26bb9a3aa315319da4d3549d64531afba593bfad71a653292899fec,4
8341fb2716f2fc1fd17f640022928c378f66732f2f1afbc9a1ca8aa2af1a28fb,5
2183534537e54d7b42c32edbe091ad459f9c323a12092925527e1a45070ca61f,5
f9ce9a047b096cb954193ac49049ccb28a476aa8c202f09aea38eae3cb283387,5
fd280b46b65ccc2d32b8889e0ab35155c22c428a7ed4e96b7a3588410ba9f4e8,2
8fee491edf91da322784a560a7f4544226dd9f29cdaf5f6d09040dd06fd6a1a0,3
63cdceb8aa7441039d3cc779706d858944fe95036acc8721467e37bda88be43b,5
cb83e5cb264161c28de76a44d0edb450745e773d24bec5869d85f69633e44dcf,2
0e1de810ebccdaf6ae70f6d02a44231b43c14c4357feff8a62fe4683e92277b0,2
bc2a33f649663fd21520e3d11dab179594c90eb8fdaaa7eb0fe8396b6e3933c5,1
15a5412c0cf0e1f2e451d17fd719303e0c4097e3083f5a4f088b299c184155be,2
bd0141e88a0d56b508bc52db4dab68a49b6027a486e4d9514ec0db006fe71eed,2
02346ea6a0f167dec2e6bc60e5eead3d02658982c50a2cd0ba7bdcf51353cfd6,6
c775e6d87a3bcc5e94cd055fee859bdb6350af033114fe8588d2d4d4f6d2a3ae,2
5ab7b0ce6bdd43458bf83324eb7a329d220981420a2f536f61125f307c9d4779,2
61c0a64bfe9888a239b36e6ff9ca4a146a16cf8a8a6cea73c192294e95c60c19,5
f1824916eb20afd2c9d86c3b2408bb54eef6b45c893e75f996523728d72ce328,1
38e2b574be0d3ab646af51015f73cc96a62a22b47ffeb41b6ec6aa8ee56bc793,3
61b0d9eb605822cbc4cf746dc48caee6eaaad79632148d6bfaa3a6afd6810312,6
865762f1b72d9e112da99dc517808ebcf42a4b0ddd39063fa2b1e6c0fb82d0a2,2
911aee366d477ab8f721e2f615e93a12926ecf8e91ee8bb789b236fd4a4fef55,2
3db785cb9da3a337239e1c39182fe824bb3a61432b0ea19c28f53f57db991924,2
2716204c196f7c2db1bf03228c9482e380835977f40581dd2ae98b636b321b7b,2
8d22be3e4b071e7add77b4393f5cc95ae64b56ffecf094ff7d4342233dba206f,2
1d6694b7aa3340c6d744ec8f3d1e64caf255e1e5c27057f5bc43036374b69bb4,1
255ab683b728306b749f4f406afe0873ff81b321f1ff06ced375b172e6d5ae62,2
8f9e7f753cc0c785315860c8afe094363dee9ce02ddb6c15482e27eb4da8c141,2
b4a2deffacd99e98f14097da94fb70ea5e609cb5d881380509d98442b67300f3,2
12971b8fdd7aad749e5462936ca0111635c6a572f1a8adc814e679a56fbe61de,1
c37a0e20fe08ce76f0d329f14a46496579900136b0eb9904eb4a0f41921477a6,2
c22d409220e4b05734cefc9c47c0daef8c378340d34c9cdabc0c8c7196112554,2
13f727928439c1b2b7719e84fb83a6c8f86c6da09ffe48d1f227a9fc493e7dcf,2
6696728008399e456f469a267ee65dc5e5ba68a2b84a1772a458f2ee7e8bdec2,5
247f269b632e8dd544f039d1f805b3246bdd92b7052d3ada9312514222b52ec0,2
ce5c8741bffa8de5093d1831d736a7e478a54baa3676da37cde24f38d10f3529,2
60792845a1086b5c2ad77e50f8c4893f34f53d274365e4140f2487a96cf3b779,1
8246e4b61f3ce267729cbd25c46fbd266fd1ed14d7ff2087c88328a7c07e5a6c,1
c9fcea3aed96b45b349ee794e0cd17c073b76a251f5dbc2285a2025e76225654,2
6452039c95cf77d834e2eaa1459abf4e176c1f7158f2b86751138e5bd24e072e,2
8897d54b9be9f389f7387601744148e884105eab99ff42a75f23019324788b97,3
25268bc07b64d0d1df441eb6f4b40dc44a6af568be0657533088d3bfd2a05455,2
58949c8fce72440f2f626c2c3dc87f7cac4605b1677e39ce5018baf806797883,2
fd21a339bf3655fcf55fc8ee165bb386fc3c0b34e61a87eb1aff5d094b1f1476,2
7d74db6d7705d15a9a3e25989d7c2983ff9ae2d4fbe561bc8a020c37eb3e2d3b,2
5cc02305d7b5cb0675f2ac65422a115aa44d8f28e5a2b759470d17d6bf851a3a,2
d25c1d1423ed31b5436678318ca815092102e88d06a130481bc0728d14d74bb4,6
76bdaabf8949388778890ee3fc08b5a70a2b537ebdfa18070fe599e7529b7f1c,2
8d1d36a7ad23626341f658815bfd21a6274f703aca2126bddfad63fa749041be,6
5cf8a2ec3d08a57a94e7d7221abdbf987fc1409e3cc093110f1e35da3831ae1e,2
fd8cecba97c7121aafd4508050bc12bd6d20886b9bc299bd60985cd2da3d94dc,3
b52cc8249aefb8dd8e904bdf460f19afd151bde60bad355f436180343a9d153b,1
4f6b732dfa5b4d91c56235f7c69974a4c557d6348f4ed9b862fa4938f7ce3848,3
e0eacd72afe39de3b327a164f9c69a78c9c0f672d3ad202271772d816db4fad8,2
132098213b5923463611e6fc77bfce0cfad3d727566ce0e87e9723456c698ae6,2
620d2bf14fe345eef618fdd1dac242b3a0bb65ccb75699fe00f7c671f2c1d869,2
445ab3421fbfb7786ee2e2d8f5e09d919ce27392da08f35bbad07de05aed43c2,1
186a2a93167fe9345062cebadb427c167b378f61f14cb344842e129077da1c85,1
eef5e2525fb6671b9f8bc03a1643e0a7a06afcf85411c95a811ee3119a12cb47,2
3f868ac52916ebb6f6186ac20b20903f63bc8e9c460e2418f2b032a207d8f21d,2
ab6b3a30d643bd1a807d4415e554a7e005c9320d1adbd0bfb4666cf1509c3078,1
79dc6e1c8db764b1eff20ec2911e650d170ffa7a639bd62c991d75a62f35eb6f,1
99ed77594a138de377aa2f032a51ef44e8db6584dca85e0acde90d91c6f230bf,5
327e7f9b3d96c8403dca1b734cdee199d399ce0bc0a596aa5dc248705211f134,3
285abeabc3e22a06cc5476d185a53a0030acc1abb893eb06617dcbee9564f81a,1
fdf2288ffbb80fc64122ffaa3442d3b60cb0bbe99dcf9d6f6c3d1565f96cde43,2
32675cc893c124edd5279b63e072938b5138fbecaf48099fe52b2c80766a3626,3
2ed448721f4e92c7970972f029290ee6269689c840a922982ac2f39c9a6a838f,2
3a1d7b3104e74006ff71fbbc23d83da87aae8c62556aeb24b8929f61bc4031fb,5
d30b8a8623dc1d194c115a1f6c11552c7e136deeeed5dd93552ce6c83d94c7d6,1
6a1dc1748b264465e92d4a3201938bc8397eb0b5dae604611f85a7da5e744a14,3
a26fe271dec3eb5b7c11bbca064f6bbe9ba65b6a7a177589e32c801b8c0c4c77,2
f2f23d9965931308c1b523c8f9ddcab670a5dfbd11d090bb4f280e657a33745a,6
c94a81fdf688d220827320e88cc0b89af8690142abe5c602131b6659297c7d24,4
ba1d4c519566f6e1e5cfb4e5650847a3d5086b3327685000a78cb2010633fd0d,2
ad69e198905a8d4a4e5c31ca8a3298a0a5d761740a5392d2abb5d6d2e966822f,2
17264370c9ff4397dd46337197a100b74a656b65718b6db9f3fd5a3a1bbeceb6,2
f1375cf097b3f28247762147f8ee3755e0ce26e24fbf8a785fe4e5b42c1fed05,2
78acbdbb2dcf29926bd6e0981b2ecb5c082464d53041d9d1adff2deacb89bb1f,6
69925c370a71b0bc37eb5d6381e8fc3309a7e71a7bdade54233214c73c728170,1
b75730cdebde1f547ee55f6df3cb873902f80f8bf9f3d6c91627e1e8581d9fb3,2
3f2d01f7b4fad99b7470f8688cbd4c6c1498aa150f3497f3a9f27e24cc97e39d,2
28ac812912a7517a4527d3a97c356207df1b3a4725838de99e1cc535dea64a05,2
1a9a5c797777f37463b44de2b49a7f95abca786db3977dcdac0f79da739c08ac,2
ee41d0585cf5817e2b14eb33a35c7dfe6a4ae0a98b6b56328c556828a59690cb,2
219fb90d2e88a2197a9e08b0e7811e2e0bd23d59233287587ccc4642c2cf3d67,2
44d370f942987d9128b412435dbc50a22566c8fdce819d84568c4c1606c3e466,2
7b5dec6a48ee2114c3056f4ccb6935f3e7418ef0b0bc4a58931f2c80fc94d705,6
18225aa660386627cb41f0392b00fc6b8f0a1007cee413dfd95e3809880a8fc2,2
810c835ddb5d947c36fabf44c05c1e2e47e7a097157845196b9d0d34cf7dc58e,1
d0a9493036f450510fcf9ae2d7e0ff67d1620b1f84809bc58cd42aa571aac2a2,1
18101518eae3eec6ebe453de4c4c380160774d7c3ed5c79e1813013ac1bb0b93,2
b0b601dec34b4d5efbf60dc624f732627607f702f843a7c69f1f4b977afa68d0,5
da903f1d539453076849ce88ef4a57ee94cd9878c10f48c70eca644c87d6fabd,2
74fe611961187aa647024e551274a7bebbd451d55e34f52ae23ac091374ff730,2
da1dac7c2836c59143f9f323f4376b8f0ec4a854f2d0429cc6f8c1aef24e9ffb,2
34000abaac50ac84d493d2e55b6fb002fe06920b344f02ee55ff77e725793981,2
88651fbef4572c557550d57aab682deb655e5c38bfb9172caf3c32fbb5091a5e,5
df672d823db88ecd32f14f5c366b21d6427611ab01aa54d246ef609bb04395a0,2
89cfbdb9bb8613b4d86426bc61d463ae29759690b567bc276cd0dc21a501a629,5
90e5fa3f382c5b15a85484c17c15338a6c8dbc2b0ca4fb73c521892bd853f226,2
cda000bd8078f0daa890e5c0bebe2f6b582087a8db02aaf3a2a666e6d30fddb9,3
92c7693e82a90d08249edeafbca6533fed81b62e9e056dec34c24756e0a130a6,2
510898ad9082dfc559aa511848c294627df87bbbc874cb411fe9f7fc638d86d8,3
a78cc475c1875186dcd1908b55c2eeaf1bcd59dedaff920f262f12a3a9e9bfa8,2
2ac2391710994cf90972b425abf650ec47326ec9a51063e94fc1bfa27d9b1f7c,5
79e7ceea46ce5b96aa80e91b485be78936c4e1e6d9b69f5a9668c2686da1c1fb,2
d1b71af0f409d55636d9ad69f36506b3310a3035c1c1ad9a1e2699dd2093d9de,1
c28de1802bdbcf51c88cd1a4ac5c1decb0558fa213d83833cf5dbd990b9ae475,5
e4cb10446e44b11bef1f9e93d3b455aa06dc2885a630d54ca83108047c357952,2
79d363a163dfb0088545e66404e0213a9e18d5ee66713d7bc906ed97c46b5ca3,3
5bca4ad4a8d6ea1420739f658c552a6b2f0063d4eae3629bc26bba4fcbde4f78,2
e45ffc61a85c2f5c0cbe9376ff215cad324bf14f925bf52ec0d2949f7d235a00,2
6426db69f669688838e2076c5fa7616b8c6d3d7a2c195b613387c90cf1f26c0a,2
3d51a772fc369587a93c716525127ee6035f8fe6c50ae9186b66ad4c543e5e27,6
bab60926cf8aa30581971d0efc4e91322159c781471b8da157dd57d48e1b2d05,6
04f566cfaf2bfb1162fd51e509cd1fa5ea33927d6432b87dcbdfd1a786a3b05c,6
cad291a2df541313c6d296dcb798f5565ce591ca94f4649c21bc0e8b7e7a86eb,2
f954f2b083a6c1fd61fd66522a6c32f450bc2481914c26f70ecc91422048c8e9,2
a64e79a81b5089084ff88e3f4130e9d5fa75e732a1d310a1ae8de767cbbab061,2
fc850fa23df3b43918e3f154e08bc8917ab2beaa67c28fd818e41aeb9921e3ea,2
0fe109a0ee095968968894d199410c8c0f188609427cc1e54d30b3d45e408084,1
5d3ff202f20af915863eee45916412a271bae1ea3a0e20988309c16723ce4da5,2
cc2c7377a23928aa9e68e48d1f282dd2c77ccf7aaad98fa445f215b8c097e742,2
2aab2ca39749b21877d1c52526009f9f5d251d934205e9f671a9e84cecd55afa,5
0c9ea8041ed332af6188a0c0f90b5d318fcd547c9588169547a97326276f49b1,5
786a1e1b88200fc40de5713689de082edb9a09af908e87a6c2f4b73974a334e0,2
246ccf3e392c48c1fb908160e5264eb98e7b79f811e7fe2b06bb19bf18f7636d,2
ab6b2e477d2e6b5420f6b586f049408518cfe55b34057874ff57ddcd216e1262,1
31c532d772647ee70f636fdace7aa5a7f6fb302b9203b1d3fdc5b1403f8c3b8f,2
649a88ef17dafb0bd1f0d55e752de143e2428927dd5e754b65b5b4b251069c1e,5
562c7815dd2bbe330531f3ba64f189b11669214fc94263cdf961ce5dc833d105,2
c9f35465471abf25b273a4a0b5ba244004efb5659ab7b5f9439ee7f04507edb0,2
ce7e44d75eff041cf94dff28c3ec6cd132b63081c45dd78eb7c718c4b95c79a7,2
7e4038e18b5104683d2a33650d8c02a6a89badf30ca9174576bf0aff08c03e72,2
58913e39fbf6156de846cdd02999602d7f0dadfec582c51bd786528320af894a,3
f01dd18d0a2c70e2a9a6636f5e6711bcef86c2b9cf1cd762d58baae9a80f468f,1
36b57273f6f34b2e7f80a120dbe82c3ee9e08f871f73b49c2d258f641056eba7,6
15df879fe1de1e729d50c789283fc9c3fb90d979fa4369c4bf3964e317423d6b,2
94243b53eceb2662ae632d9c3e02b5b947ea56ac4ac1db3a69fc0ca3e5100816,3
33d9630eef362ad300b8a8c000e4172d18330bfbde8c0053e0ba8d37b9537220,2
d028e64bf4ec97dfd655ccd1157a5b96515d461a710231ac8a529d7bdb936ff3,2
6afc9fe877c4656707db249ff2ea63536ec3726f8bc3e49fb30e085a6439f106,4
aeaae5430ce4e5b17177614096b15352d3da9b15c69b958b41cbb0be67810c91,2
c5aa0ec8d3e2dcf0fcdea0ea8e72f7edbd673cfc2f4fb127ceaf6b890f3f8bab,1
a750bc331fac040142dec00216a72a00a4e3ec24ef21e07a0cac445df3edcd3e,1
c0aa81cd918caf90384d90ebafbe293b25968bb1a6063d74e2ee998f471bb635,2
8afb71b7ce511b0bce642f46d6fc5dd79fad86a58223061b684313966efef9c7,2
5ea7f3902dd5e42f07d812c96f2ee8d9cf6f381b2e6b2833680690fdf69e40c0,3
7ae20c29cffd43d5b581b6ad266745a9b597284763f6d367b2984238d8ee6664,2
e6c357c2c7c70b4630dbdcd86df2d98ed28cbd47a9efcbf727fe0fdbc5d5fefa,2
0478fe3022b095927aa630ae9a00447eb024eb862dbfce3eaa3ca6339afec9c1,2
4354970ccc7cd6bb16318f132c34f6a1b3d5c2ea7ff53e1c9271905527f2db07,2
d6126b4c9b26746be05b442c1041ad936a407bdbffd9913c75249c59c2dafe0b,3
c832462c15c8041191f190f7a88d25089d57f78e97161c3003d68d0cc2c4baa3,2
73d095abf2f31358c8b1fb0d5a0dc9807e88d44282c896b5033c1b270d44111f,2
d70981dc1b4e0be578972cad62e1f4c38c67aef96805200427b05a9a4107909b,1
3da8d1bfb8192f43cf5d9247035aa4445381d2d26bed981662e3db34824c71fd,2
86852538a2cf05d8b515b9308555dc63a6f32eca91c9a08899f23cdd10938c9a,6
805b92787ca7833eef5e61e2df1310e4b6544955e812e60b5f834f904623fd9f,2
880dba220be019706e18bd7df2567f5107a66f2caaa90b46f2f78e6841e9bf7e,1
d4dc215dd0daf0b7a4606a76f54aef404d91e7a8ddcd517e552cfd0997eb6790,6
882d95bdbca75ab9d13486e477ab76b3978e14d6fca30c11ec368f7e5fa1d0cb,2
04789bb1e63b81997e53786d1f19a6dde477b29b54ad5bcb12aeb9bce3d0f72b,1
f71eb13cee017420a630eeaef421c2df8b6b3ab7e164e5bfd57907f182c7c1bd,5
07b8f25e7b536f5b6f686c12d04edc37e11347c8acd5c53f98a174723078c365,6
4b78b1a3c162023f0c14498541cb6ae143fb01d8b50d6aa13ac302a84553e2d5,2
d995fad59d947b7bcebc041f68e56fd71c378f89c4e9e81a98e4dc562dfcd13e,2
ad95d333d8a39a19dc61aa9925c98c99c913214f6a8615deb745ed4b2e53a085,5
29e6bb429ee855961a950274a54098093d63e341fa48128e3ace90a7dd9a0868,3
feaba29072531b312e3bd0152b9c17c48901db7c8d31019944e453ca9b1572e2,2
4e54e24e5ad7339c09c720cb25908a1a4882bfec423528126c7530efaaeec77a,2
c2187e67fa488c35774a01ad87eeed302ea8ac0553155cae33b044d34455882f,2
c759cab72e72ef49230d34d756b2964871dd1edf786404432e826b993aea9cda,1
dfc4fe56ad505c398ca4f2d1ac0b0639501c5da024a877f78125773af98d008f,3
96a60e9e25f4cf99f2f71d4c4b783ff22d2db1d18673b1f0f47f1452087e2565,2
bd50fe3394ca9e902a7033c931feb564d2111f20020e5639892f800b8fb3f9cf,3
e7cc3056c06d6d72c9c72ee3bad292702c55bc07df23cc063939b81f97c4e330,5
28adccba2210fd4a93ab9e9b7ec9843757f92470e42ffc8bbdef2267226e01b1,1
f617be25cb6b894df7c180f0ac4ac93aa26b808c2c6b69821546b29158dc2499,6
f5faa2b827aaae846580fe313cfc3562fcf04dbf26320c7190247621c7e10f19,5
96d1a194f5dc6fbecb472b5b39c1c5fddcbe7b8d6f5a879d106f8a5c28aa1334,1
6fb3c84a4a4bdca47732398925b6c5dd2e832d67b99f9539a679adcf24966621,5
83cf9fb418ead6b97f8bcaea08a824ab312c47471cc2134b15aeb977fd7671a1,3
91a409c414131638c3549c624d2798dab3b3067f13ad4dd949c84e35d986b072,3
14e966ad882c0aff9d0eb6e221af4946ab315a84d5f6f735cae1b8fe92c07e06,1
72be2115fb6c455d1d42963c245449e6a36a6a1bc9c16f35552d38a54e778679,2
bc1d334e49a9f0535a31146e624241949e493c545d34cd78801741360fd2ae87,1
9f38ec0ae60879931f99054695285b54f0d2454990249d4672acfb568905bf91,5
c3d211758a1061afe67cfeb1e63a4c3cc870534e8b6bab2fbb5423e56268ff96,3
841e572f6dfab3557590777213b776a9778b8fcdac8e0fe54be99a4594e4d651,2
152743ffa9df246e5f8c5687381121d8a66dfc05ca2ec2e58000caf964abafc2,2
146cc76e1a90d0d35e0bdd020cba231b03ba9e09a0ae5f1cc242eb31f7c04773,3
7fe19185d338c2ea659f8e908b06c2e8e96942553bcddd4bd09db295aac6429d,2
5af6ac5ec9dd8ca20cf7cd75ee65645c41a04b744bfd597c9c914e465a30d729,6
791cc068b179d881df4263a19a3498ddcb669d642de2b5b91920b8b33b054dd7,2
c20b685abeaedc23677c39139b7a2a0268ddde08a034deeba39c93f8b76df8e8,6
225fdd663971504ab42f9d6ee3c0ee2b02e41c97eb017f01991878d58be41985,1
1b01211177248bd9ad25959da4f7dadd5ae46dee24ec82625777aa14ff63eb66,2
15de7f8defad6bace8c44bd3bd7725c10c0dc8336a58a7e8d92075a651fd61d0,2
4373399d2c811d005277ef6811cc41e4a92a60505d88d7ac91f2f08752ce2ff0,1
a858883f1f7e05b61dff49d08549357ca68600c8703ee9e9c9591d3f65b5a600,2
d35e670038854259c710653a5acb31d53bf1ecb5ca5e79754528ee6fb5ab3cf8,1
1ea19e0484b84c02f88fcb935100f433173b13e69a6840b303d6d7f22c71358f,6
bab5cb442f212e03bc6d19c77077ac79f7cf27d1f28f5857702e390a9ba70f77,5
